{
  "provider": "bedrockanthropic",
  "total_cost": 29.259408000000004,
  "total_time": 0,
  "total_token": 9578864,
  "drive-management": {
    "cost": 16.611560999999995,
    "input_tokens": 5399382,
    "output_tokens": 27561,
    "total_tokens": 5426943
  },
  "authentication": {
    "cost": 12.647846999999999,
    "input_tokens": 4135914,
    "output_tokens": 16007,
    "total_tokens": 4151921
  }
}