{
  "provider": "bedrockanthropic",
  "total_cost": 25.984467000000006,
  "total_time": 0,
  "total_token": 8492785,
  "drive-management": {
    "cost": 13.33662,
    "input_tokens": 4314695,
    "output_tokens": 26169,
    "total_tokens": 4340864
  },
  "authentication": {
    "cost": 12.647846999999999,
    "input_tokens": 4135914,
    "output_tokens": 16007,
    "total_tokens": 4151921
  }
}