{
  "provider": "bedrockanthropic",
  "total_cost": 48.724052999999984,
  "total_time": 0,
  "total_token": 15902791,
  "drive-management": {
    "cost": 18.204611999999994,
    "input_tokens": 5925129,
    "output_tokens": 28615,
    "total_tokens": 5953744
  },
  "authentication": {
    "cost": 12.647846999999999,
    "input_tokens": 4135914,
    "output_tokens": 16007,
    "total_tokens": 4151921
  },
  "PRE_PROCESSING": {
    "cost": 7.27515,
    "input_tokens": 2386265,
    "output_tokens": 7757,
    "total_tokens": 2394022
  },
  "student-management": {
    "cost": 10.596444000000004,
    "input_tokens": 3370843,
    "output_tokens": 32261,
    "total_tokens": 3403104
  }
}