{
  "provider": "bedrockanthropic",
  "total_cost": 6.1256580000000005,
  "total_time": 0,
  "total_token": 1968666,
  "drive-management": {
    "cost": 6.1256580000000005,
    "input_tokens": 1950361,
    "output_tokens": 18305,
    "total_tokens": 1968666
  }
}