{
  "provider": "bedrockanthropic",
  "total_cost": 45.766605,
  "total_time": 0,
  "total_token": 14932807,
  "drive-management": {
    "cost": 18.204611999999994,
    "input_tokens": 5925129,
    "output_tokens": 28615,
    "total_tokens": 5953744
  },
  "authentication": {
    "cost": 12.647846999999999,
    "input_tokens": 4135914,
    "output_tokens": 16007,
    "total_tokens": 4151921
  },
  "PRE_PROCESSING": {
    "cost": 7.27515,
    "input_tokens": 2386265,
    "output_tokens": 7757,
    "total_tokens": 2394022
  },
  "student-management": {
    "cost": 7.6389960000000015,
    "input_tokens": 2404817,
    "output_tokens": 28303,
    "total_tokens": 2433120
  }
}