{
  "provider": "bedrockanthropic",
  "total_cost": 29.652111000000005,
  "total_time": 0,
  "total_token": 9708773,
  "drive-management": {
    "cost": 17.004263999999996,
    "input_tokens": 5529043,
    "output_tokens": 27809,
    "total_tokens": 5556852
  },
  "authentication": {
    "cost": 12.647846999999999,
    "input_tokens": 4135914,
    "output_tokens": 16007,
    "total_tokens": 4151921
  }
}