{
  "provider": "bedrockanthropic",
  "total_cost": 20.097888,
  "total_time": 0,
  "total_token": 6551572,
  "drive-management": {
    "cost": 9.822306,
    "input_tokens": 3157222,
    "output_tokens": 23376,
    "total_tokens": 3180598
  },
  "authentication": {
    "cost": 10.275581999999998,
    "input_tokens": 3357419,
    "output_tokens": 13555,
    "total_tokens": 3370974
  }
}