{
  "provider": "bedrockanthropic",
  "total_cost": 24.459297000000007,
  "total_time": 0,
  "total_token": 7988267,
  "drive-management": {
    "cost": 11.81145,
    "input_tokens": 3811145,
    "output_tokens": 25201,
    "total_tokens": 3836346
  },
  "authentication": {
    "cost": 12.647846999999999,
    "input_tokens": 4135914,
    "output_tokens": 16007,
    "total_tokens": 4151921
  }
}