{
  "provider": "bedrockanthropic",
  "total_cost": 44.824143,
  "total_time": 0,
  "total_token": 14620425,
  "drive-management": {
    "cost": 18.204611999999994,
    "input_tokens": 5925129,
    "output_tokens": 28615,
    "total_tokens": 5953744
  },
  "authentication": {
    "cost": 12.647846999999999,
    "input_tokens": 4135914,
    "output_tokens": 16007,
    "total_tokens": 4151921
  },
  "PRE_PROCESSING": {
    "cost": 7.27515,
    "input_tokens": 2386265,
    "output_tokens": 7757,
    "total_tokens": 2394022
  },
  "student-management": {
    "cost": 6.6965340000000015,
    "input_tokens": 2092878,
    "output_tokens": 27860,
    "total_tokens": 2120738
  }
}