{
  "provider": "bedrockanthropic",
  "total_cost": 6.560196000000001,
  "total_time": 0,
  "total_token": 2112264,
  "drive-management": {
    "cost": 6.560196000000001,
    "input_tokens": 2093647,
    "output_tokens": 18617,
    "total_tokens": 2112264
  }
}