{
  "provider": "bedrockanthropic",
  "total_cost": 5.270211000000001,
  "total_time": 0,
  "total_token": 1685441,
  "drive-management": {
    "cost": 5.270211000000001,
    "input_tokens": 1667617,
    "output_tokens": 17824,
    "total_tokens": 1685441
  }
}