{
  "provider": "bedrockanthropic",
  "total_cost": 7.711926000000001,
  "total_time": 0,
  "total_token": 2481966,
  "drive-management": {
    "cost": 7.711926000000001,
    "input_tokens": 2459797,
    "output_tokens": 22169,
    "total_tokens": 2481966
  }
}