{
  "provider": "bedrockanthropic",
  "total_cost": 17.664245999999995,
  "total_time": 0,
  "total_token": 5748706,
  "drive-management": {
    "cost": 9.822306,
    "input_tokens": 3157222,
    "output_tokens": 23376,
    "total_tokens": 3180598
  },
  "authentication": {
    "cost": 7.841939999999999,
    "input_tokens": 2556640,
    "output_tokens": 11468,
    "total_tokens": 2568108
  }
}