{
  "provider": "bedrockanthropic",
  "total_cost": 30.248769000000006,
  "total_time": 0,
  "total_token": 9905971,
  "drive-management": {
    "cost": 17.600921999999997,
    "input_tokens": 5725819,
    "output_tokens": 28231,
    "total_tokens": 5754050
  },
  "authentication": {
    "cost": 12.647846999999999,
    "input_tokens": 4135914,
    "output_tokens": 16007,
    "total_tokens": 4151921
  }
}