{
  "provider": "bedrockanthropic",
  "total_cost": 30.650490000000005,
  "total_time": 0,
  "total_token": 10038802,
  "drive-management": {
    "cost": 18.002642999999996,
    "input_tokens": 5858381,
    "output_tokens": 28500,
    "total_tokens": 5886881
  },
  "authentication": {
    "cost": 12.647846999999999,
    "input_tokens": 4135914,
    "output_tokens": 16007,
    "total_tokens": 4151921
  }
}