{
  "provider": "bedrockanthropic",
  "total_cost": 21.866766000000002,
  "total_time": 0,
  "total_token": 7132994,
  "drive-management": {
    "cost": 9.822306,
    "input_tokens": 3157222,
    "output_tokens": 23376,
    "total_tokens": 3180598
  },
  "authentication": {
    "cost": 12.044459999999997,
    "input_tokens": 3936790,
    "output_tokens": 15606,
    "total_tokens": 3952396
  }
}