{
  "provider": "bedrockanthropic",
  "total_cost": 19.716297,
  "total_time": 0,
  "total_token": 6425327,
  "drive-management": {
    "cost": 9.822306,
    "input_tokens": 3157222,
    "output_tokens": 23376,
    "total_tokens": 3180598
  },
  "authentication": {
    "cost": 9.893990999999998,
    "input_tokens": 3231412,
    "output_tokens": 13317,
    "total_tokens": 3244729
  }
}