{
  "provider": "bedrockanthropic",
  "total_cost": 23.709099000000005,
  "total_time": 0,
  "total_token": 7739801,
  "drive-management": {
    "cost": 11.061252,
    "input_tokens": 3563079,
    "output_tokens": 24801,
    "total_tokens": 3587880
  },
  "authentication": {
    "cost": 12.647846999999999,
    "input_tokens": 4135914,
    "output_tokens": 16007,
    "total_tokens": 4151921
  }
}